,x,y,word,cluster
her,0.4821461,-19.517384,her,10
she,-0.4891496,-19.526028,she,10
She,-4.360651,-18.298365,She,10
~,-20.627415,17.315525,~,3
women,11.715251,-7.3586254,women,9
beautiful,10.393413,-25.155272,beautiful,6
class,8.191925,-12.212468,class,5
Health,7.0967493,17.09493,Health,8
hot,0.7876377,-27.389437,hot,2
couple,-4.707378,-19.94087,couple,5
date,4.071053,-14.593094,date,5
photos,8.095753,-16.366663,photos,5
girl,-0.20416036,-25.194027,girl,2
woman,2.7987225,-21.427422,woman,2
model,12.393907,-8.816945,model,5
pictures,0.32660273,-22.216904,pictures,5
hair,14.773177,-16.578838,hair,6
girls,0.5340587,-26.59432,girls,2
Women,2.5883164,21.70534,Women,8
skin,24.911995,0.31738716,skin,9
wonderful,-5.6226287,-21.113165,wonderful,5
info,-7.1728177,-18.668537,info,5
mother,-0.259476,-18.653591,mother,9
wedding,24.894682,-12.519941,wedding,6
stories,3.9584198,-18.238459,stories,5
relationship,8.051831,-7.468455,relationship,9
Food,-5.095635,26.354689,Food,8
Her,-16.802147,5.0883512,Her,4
Hot,-13.522856,3.3632362,Hot,4
rooms,24.992916,-3.3626797,rooms,5
cell,23.089254,-0.34778884,cell,9
shopping,11.769351,-13.524807,shopping,5
Mary,-31.367264,4.688888,Mary,10
cancer,21.019348,2.8631868,cancer,9
updated,6.6458855,-11.647878,updated,5
sweet,-4.23373,-23.760345,sweet,1
models,17.058899,-5.4882464,models,5
kitchen,21.118221,-10.998931,kitchen,5
older,2.0778282,-20.08938,older,9
Wedding,12.732574,26.810804,Wedding,0
FREE,-10.429348,40.486332,FREE,7
Plus,-13.352881,17.209612,Plus,8
shoes,27.93907,-10.699016,shoes,6
Model,1.8566107,21.30462,Model,8
fashion,13.612308,-24.788174,fashion,6
cute,9.567704,-22.087242,cute,6
dress,14.340285,-24.248926,dress,6
colors,21.907581,-18.94904,colors,6
shipping,20.313044,-5.230334,shipping,5
sharing,3.1393664,-16.169674,sharing,5
beauty,8.985277,-25.128994,beauty,6
Girl,-20.838669,3.09788,Girl,3
Girls,-10.85909,3.6488488,Girls,4
Gallery,-3.8604136,14.301251,Gallery,8
classes,16.656446,-8.558214,classes,5
Sex,-8.565879,1.2504193,Sex,4
stores,18.33183,-10.175425,stores,5
sexy,-0.7888176,-30.110329,sexy,2
mom,-0.9576737,-22.231163,mom,2
teen,-0.6532704,-35.323505,teen,2
Summer,-20.3415,11.539908,Summer,3
recipe,41.493626,-18.267857,recipe,1
Shipping,4.6267323,30.058413,Shipping,0
lovely,-4.6694183,-21.923084,lovely,6
Movies,-7.1875567,0.9789043,Movies,4
Natural,0.8637245,27.656387,Natural,0
OR,-9.081129,39.47129,OR,7
marriage,12.74225,-4.139122,marriage,9
websites,8.888612,-12.692921,websites,5
pics,1.0403814,-26.504242,pics,2
Heart,-14.213163,18.92567,Heart,3
cream,38.518547,-20.108831,cream,1
pattern,18.697424,-18.975056,pattern,6
flowers,25.089087,-11.770025,flowers,6
sister,-1.7990967,-19.226254,sister,10
bedroom,25.07949,-5.7692757,bedroom,5
Style,-15.279354,22.765314,Style,0
magazine,15.039861,-10.593639,magazine,5
Magazine,-2.2463183,19.661718,Magazine,8
sample,7.081555,-16.246584,sample,5
Pictures,-14.067331,3.7076607,Pictures,4
Privacy,9.697699,19.640137,Privacy,8
Asian,-7.739665,3.8496354,Asian,4
designs,15.815689,-24.709116,designs,6
sugar,41.64217,-16.898102,sugar,1
gallery,2.2569377,-25.983477,gallery,2
clothes,10.533226,-25.948797,clothes,6
tea,38.657864,-17.965761,tea,1
reserved,3.9859412,-13.746302,reserved,5
relationships,11.769945,-3.7939205,relationships,9
Fashion,-9.036449,25.371378,Fashion,0
bathroom,24.882586,-6.4246397,bathroom,5
milk,40.30173,-18.675838,milk,1
pussy,-2.4238849,-36.3773,pussy,2
chocolate,39.71296,-19.57239,chocolate,1
Student,-0.9052577,18.206783,Student,8
herself,0.44363067,-19.321836,herself,10
Pink,-16.230778,21.970324,Pink,0
Queen,-16.369688,17.900457,Queen,3
Sarah,-34.972645,0.02762413,Sarah,10
Lady,-22.346115,7.3851523,Lady,3
Dance,-6.195929,15.293139,Dance,3
Rose,-27.574066,-2.7518764,Rose,3
WITH,-8.756215,38.868954,WITH,7
Beautiful,-22.108805,3.9232583,Beautiful,3
therapy,20.522657,2.387606,therapy,9
mature,0.6518029,-34.943478,mature,2
Hair,5.338227,26.027885,Hair,0
clothing,15.306425,-22.52036,clothing,6
foods,40.166763,-16.280083,foods,1
accessories,22.691597,-19.074673,accessories,6
pink,11.08087,-26.482767,pink,6
cake,38.878624,-21.626106,cake,1
affordable,11.407012,-12.876888,affordable,5
Enjoy,-24.63538,-0.69860435,Enjoy,3
shower,14.034427,-15.420043,shower,5
lady,-2.4996984,-21.83801,lady,2
Shoes,13.994963,26.452679,Shoes,0
Beauty,-17.537827,19.152225,Beauty,3
Bed,11.062574,24.559011,Bed,0
Miss,-26.877926,5.443986,Miss,10
jewelry,29.075953,-11.304159,jewelry,6
fabric,27.235552,-13.881734,fabric,6
designer,22.044962,-15.75222,designer,6
tiny,7.2743645,-24.303196,tiny,5
organic,39.713764,-15.672439,organic,1
Dress,9.588653,29.778433,Dress,0
blogs,8.584132,-13.032889,blogs,5
nude,0.13526657,-35.18229,nude,2
recipes,41.575817,-17.522717,recipes,1
♥,0.6487193,13.992302,♥,3
breast,26.77407,0.034021,breast,9
LOVE,-12.136072,41.36657,LOVE,7
Cancer,10.099519,17.85239,Cancer,8
MS,6.5757427,15.506713,MS,8
Bag,6.2869167,29.42871,Bag,0
Kelly,-37.32003,-9.346461,Kelly,10
wet,1.958932,-27.490364,wet,2
Mom,-16.684057,5.3543606,Mom,4
parent,8.488164,-7.256034,parent,9
Elizabeth,-32.012398,4.2904615,Elizabeth,10
bath,25.823122,-5.806397,bath,5
Picture,-19.60127,10.609933,Picture,8
patterns,18.825157,-18.332129,patterns,6
gorgeous,9.634771,-26.102669,gorgeous,6
delicious,38.469723,-21.236477,delicious,1
Sweet,-22.695122,0.5465889,Sweet,3
cum,0.118683055,-38.690296,cum,2
naked,-0.8573337,-31.113182,naked,2
Teen,-9.644467,0.7965533,Teen,4
Ann,-33.306297,1.406204,Ann,10
Perfect,-24.815687,-2.7916255,Perfect,3
attractive,7.5633225,-26.172274,attractive,5
Jewelry,12.607067,27.817722,Jewelry,0
blonde,-1.2103486,-36.75531,blonde,2
ladies,7.7250752,-25.318562,ladies,6
Write,-16.878328,14.017964,Write,8
swimming,20.09375,-6.968315,swimming,5
Kim,-28.502632,6.3434186,Kim,10
availability,7.785598,-11.345805,availability,5
authors,8.331672,-10.235871,authors,5
loving,-0.8166228,-20.98725,loving,5
Victoria,-26.412247,6.6671543,Victoria,10
Jane,-33.820126,-0.22824493,Jane,10
MORE,-12.7119,39.989803,MORE,7
flower,20.3227,-19.926386,flower,6
Tea,-0.69703346,26.446188,Tea,3
Halloween,-7.861354,13.002015,Halloween,3
Clear,-10.120715,22.902641,Clear,0
Crystal,-13.955156,21.052011,Crystal,0
holidays,17.695772,-11.024344,holidays,5
pregnant,3.7753716,-21.086369,pregnant,9
Sexy,-11.013255,1.6504154,Sexy,4
stunning,11.6483555,-24.737171,stunning,6
eggs,40.95488,-17.40716,eggs,1
Fitness,6.582506,19.822424,Fitness,8
Jennifer,-34.263664,-5.799224,Jennifer,10
samples,9.441771,-14.357014,samples,5
matching,8.306423,-27.11011,matching,6
trends,11.266536,-12.618459,trends,5
sensitive,7.0267205,-7.076143,sensitive,9
NOW,-13.003971,39.693943,NOW,7
Cream,-3.272206,27.578451,Cream,3
HERE,-13.65436,39.788017,HERE,7
Chocolate,-3.7016883,27.7981,Chocolate,3
pregnancy,12.114958,-1.9878049,pregnancy,9
Spa,11.779139,22.630892,Spa,0
Skin,3.3793106,22.929024,Skin,0
Floor,7.469726,25.916145,Floor,0
Kate,-37.026176,-4.216405,Kate,10
Lisa,-41.38012,-9.541507,Lisa,10
singer,18.281929,-2.893974,singer,10
Ms.,-30.913692,5.519822,Ms.,10
Susan,-36.18244,1.0155619,Susan,10
nursing,13.8779125,-1.3778509,nursing,9
coupon,21.867146,-4.20551,coupon,5
Flowers,-11.769656,23.799194,Flowers,0
layout,17.27154,-14.284923,layout,5
Secret,-20.659565,10.661953,Secret,3
depression,20.882193,2.0654664,depression,9
egg,39.791336,-18.55748,egg,1
fabulous,-6.0780025,-21.044136,fabulous,6
babies,6.8114862,-7.0544786,babies,9
oral,27.956043,-0.7594818,oral,9
Amy,-42.2033,-9.0333185,Amy,10
Anne,-34.13656,0.31454217,Anne,10
romantic,16.66187,-15.492381,romantic,5
newest,-6.917773,-19.31976,newest,5
elegant,16.5228,-24.159096,elegant,6
massage,27.561016,-1.4794325,massage,5
Simply,-24.28819,-2.4469497,Simply,3
Reserved,-9.739433,16.546223,Reserved,8
Dakota,1.8799964,16.353506,Dakota,8
Recipe,-2.1728761,24.621544,Recipe,1
Pretty,-22.195726,1.5952752,Pretty,3
couples,12.01164,-7.6142187,couples,5
Anna,-35.244823,-4.0670104,Anna,10
teens,0.80668825,-29.928547,teens,2
Barbara,-35.14299,1.2503682,Barbara,10
Laura,-38.58565,-4.1150727,Laura,10
Ladies,-9.927766,21.889086,Ladies,0
Month,-14.760156,13.780581,Month,8
Porn,-8.613249,0.08211873,Porn,4
vegetables,42.19096,-16.231298,vegetables,1
diabetes,21.98472,2.9482434,diabetes,9
Maria,-28.40967,7.2052736,Maria,10
fucked,-2.0649476,-34.75434,fucked,2
template,18.992062,-8.064736,template,5
Flower,-15.360587,22.087696,Flower,0
dresses,24.337282,-18.94691,dresses,6
Recipes,-1.8966854,23.943747,Recipes,1
Michelle,-39.052242,-8.39989,Michelle,10
cruise,19.480667,-6.835327,cruise,5
girlfriend,-0.06093412,-23.910807,girlfriend,2
Rooms,9.677578,23.15936,Rooms,8
Charlotte,-28.466581,3.9993017,Charlotte,10
Calendar,-1.3674307,19.840715,Calendar,8
Princess,-6.938391,13.416523,Princess,3
designers,23.58815,-12.919373,designers,6
Choice,-20.168327,13.038886,Choice,8
Sites,-13.156547,11.606273,Sites,8
Virtual,-1.9354044,18.901775,Virtual,8
crystal,25.711311,-13.610516,crystal,6
Nancy,-33.54461,2.7035973,Nancy,10
Bedroom,14.287998,25.060007,Bedroom,0
bitch,0.3031571,-31.107412,bitch,2
lesbian,-0.57425165,-33.85947,lesbian,2
Designer,-9.759113,24.871592,Designer,0
Grace,-31.787674,-2.0904434,Grace,10
tits,-2.0148835,-36.16822,tits,2
Jessica,-36.85097,-10.160671,Jessica,10
Purchase,-15.397466,14.709394,Purchase,8
Valentine,-26.024721,-1.4787614,Valentine,3
Madison,-26.996233,2.1298344,Madison,10
carrier,23.324888,-2.5083466,carrier,5
cups,43.848507,-16.694818,cups,1
Pearl,-14.611152,20.590824,Pearl,0
Alice,-32.028557,-1.1595861,Alice,10
Dining,8.809091,24.526375,Dining,0
Shows,-16.14144,10.794807,Shows,8
anal,-0.5110031,-37.438534,anal,2
Therapy,7.537763,17.544016,Therapy,8
engagement,17.326742,-8.087568,engagement,5
addiction,13.382748,-1.6055081,addiction,9
pets,17.390867,-7.3369765,pets,5
Nursing,9.080303,18.164192,Nursing,8
Soft,-13.49885,22.645023,Soft,0
carpet,20.857054,-14.492979,carpet,6
disorder,21.218468,3.1018155,disorder,9
Teacher,-3.691777,15.143194,Teacher,8
Recently,-23.80595,-2.5486119,Recently,8
Linda,-37.7125,-1.2342862,Linda,10
Rachel,-39.593204,-9.469149,Rachel,10
dot,17.669077,-13.506463,dot,5
browse,4.708341,-13.413487,browse,5
stylish,16.661037,-23.98217,stylish,6
galleries,1.7581706,-29.387121,galleries,2
baking,42.71998,-16.544184,baking,1
Cruise,2.1528912,17.211266,Cruise,8
Karen,-40.5049,-4.558342,Karen,10
Created,-17.486889,14.599737,Created,8
Finding,-19.931847,13.964067,Finding,8
Diet,10.688102,15.95488,Diet,8
Bags,10.839608,27.655039,Bags,0
salad,41.645813,-18.699635,salad,1
BEST,-11.787696,40.220203,BEST,7
colours,22.221968,-18.131596,colours,6
Luxury,6.81122,26.99129,Luxury,0
Lots,-24.267538,-1.8979048,Lots,8
Caribbean,2.0827868,15.264856,Caribbean,5
purple,13.69781,-25.921898,purple,6
spa,23.823915,-5.3487735,spa,5
Models,1.9454836,20.851585,Models,8
Healthy,-5.216288,26.245863,Healthy,8
Designs,-10.475541,24.289522,Designs,0
nutrition,39.145176,-14.010136,nutrition,9
costume,14.357429,-20.26577,costume,6
Apartment,11.324239,21.24454,Apartment,8
facial,28.01785,-1.2711236,facial,2
nurse,11.894259,-5.9994874,nurse,9
babe,-2.488318,-35.061287,babe,2
relaxing,20.858986,-7.23411,relaxing,5
Yoga,11.342047,19.568455,Yoga,8
Eve,-26.42924,0.8564912,Eve,10
makeup,16.9825,-16.351568,makeup,6
Womens,13.474296,26.459229,Womens,0
celebrity,5.720641,-18.771273,celebrity,5
Newsletter,-4.5536814,18.882242,Newsletter,8
photograph,7.396945,-14.026293,photograph,5
outfit,11.346473,-24.955814,outfit,6
Sugar,-24.982986,15.115141,Sugar,3
actress,18.238014,-2.7555907,actress,10
Ashley,-33.235653,-7.800113,Ashley,10
magazines,18.95378,-6.621157,magazines,5
honey,37.71577,-21.833044,honey,1
yoga,23.843496,-1.4750806,yoga,5
Holidays,4.4749517,22.300571,Holidays,8
Contemporary,3.4884658,27.258593,Contemporary,0
Multiple,-12.689793,14.951974,Multiple,8
Celebrity,-4.4550676,14.221037,Celebrity,8
beaches,25.951359,-2.7693164,beaches,5
romance,15.246099,-13.3634815,romance,5
Sample,-15.948448,12.166776,Sample,8
Marie,-30.58324,3.1241562,Marie,10
sisters,-0.08953326,-18.825272,sisters,10
Mirror,-11.694848,22.360022,Mirror,0
xxx,-0.42768434,-31.766266,xxx,2
Shower,12.083029,24.890013,Shower,0
Cherry,-23.937067,12.372647,Cherry,3
Contest,-8.658363,16.227665,Contest,8
Cooking,-2.7540865,26.196259,Cooking,8
Nutrition,10.529873,16.02654,Nutrition,8
VERY,-11.74624,41.255318,VERY,7
Emily,-39.460136,-6.0793266,Emily,10
Julie,-42.83294,-9.061371,Julie,10
Target,-12.332258,16.56697,Target,8
lemon,42.52208,-17.879871,lemon,1
Apply,3.3051355,18.648693,Apply,8
acne,23.09204,5.887919,acne,9
lover,-1.3415943,-22.059784,lover,2
sucking,-1.3578024,-33.851738,sucking,2
Unique,-21.469143,14.222979,Unique,0
Statement,-4.176611,19.280367,Statement,8
adorable,13.405799,-19.926958,adorable,6
caring,7.653938,-6.9560385,caring,9
Seller,7.2457256,22.555141,Seller,8
Cute,-11.618805,3.7578905,Cute,4
Amateur,-7.5366607,0.34668666,Amateur,4
Virgin,-3.8643823,12.73862,Virgin,3
Ass,-8.400141,0.46295604,Ass,4
Wife,-9.236,3.5858219,Wife,4
Fiction,4.7076077,20.483353,Fiction,8
Cake,-24.797997,17.535183,Cake,3
rack,14.202639,-14.411966,rack,5
Dawn,-30.328096,-2.4960434,Dawn,10
abortion,21.61335,4.0201907,abortion,9
nail,14.033479,-22.102335,nail,6
laundry,20.814,-7.5578,laundry,5
skirt,14.714763,-19.552986,skirt,6
colorful,15.221783,-25.419744,colorful,6
passionate,4.3829455,-17.533625,passionate,5
Updates,-14.079674,12.934583,Updates,8
enjoys,0.45727783,-21.846514,enjoys,5
syndrome,22.114553,4.103679,syndrome,9
Hilton,-19.599463,6.8321524,Hilton,10
Carol,-37.290565,-1.9667968,Carol,10
mothers,6.592476,-7.591051,mothers,9
Massage,14.026594,20.905807,Massage,8
swim,15.244793,-14.771005,swim,5
Heather,-32.905407,-1.375941,Heather,10
soap,20.731287,-11.25089,soap,5
separated,3.9002216,-15.983544,separated,5
queen,11.641563,-19.2135,queen,5
Bottom,-17.336454,15.742743,Bottom,0
charming,12.672141,-22.579338,charming,6
grocery,19.564062,-11.65413,grocery,5
measurements,22.850096,-4.4365797,measurements,5
Collections,-6.606734,21.025568,Collections,8
blogger,15.472456,-10.127024,blogger,5
Pics,-11.774295,2.4224799,Pics,4
Amanda,-42.025486,-9.820476,Amanda,10
Bathroom,11.85193,24.654083,Bathroom,0
Candy,-24.124493,11.695067,Candy,3
Lynn,-35.664524,-9.421195,Lynn,10
DIY,-0.29089388,29.633947,DIY,0
Lauren,-31.3334,-0.10542439,Lauren,10
Desk,6.101759,23.614445,Desk,8
Breast,6.163147,18.090107,Breast,8
horny,-1.309321,-35.154453,horny,2
Evening,-13.845711,19.577951,Evening,0
on-line,7.5293593,-11.773336,on-line,5
Katie,-38.60548,-8.681203,Katie,10
Oral,14.558785,20.471142,Oral,4
SALE,-7.9404025,39.841713,SALE,7
clinic,8.7174635,-6.69206,clinic,9
Covers,4.0369616,27.12249,Covers,0
Pump,10.443473,24.298754,Pump,0
Exclusive,-18.014805,11.265377,Exclusive,8
Emma,-37.93046,-7.3855743,Emma,10
Fabric,8.507096,29.160805,Fabric,0
homemade,37.449257,-21.855598,homemade,1
Nicole,-37.439365,-10.435153,Nicole,10
Joy,-29.969229,-3.2117734,Joy,10
tub,14.049671,-14.816597,tub,5
dressing,36.638992,-21.11724,dressing,1
sunny,15.844104,-14.139133,sunny,5
Costume,11.404623,26.192688,Costume,0
Helen,-38.955696,-2.1890135,Helen,10
Galleries,-9.238558,3.0408797,Galleries,4
templates,21.264988,-5.5673604,templates,5
bride,12.320544,-20.534582,bride,6
tile,26.929638,-8.738048,tile,5
hottest,2.6257885,-25.60168,hottest,2
Colors,-12.513221,23.232878,Colors,0
Dancing,-20.180649,9.201837,Dancing,3
belly,8.141601,-20.507645,belly,2
chick,-0.11699325,-28.105389,chick,2
Whole,-24.915003,15.86154,Whole,3
outdoors,6.8191667,-19.850573,outdoors,5
Catherine,-33.758965,2.4901636,Catherine,10
Huge,-12.92962,3.6554554,Huge,4
Ruby,-16.334835,17.796005,Ruby,3
Twilight,-15.821662,17.646105,Twilight,3
Dresses,13.579698,27.14758,Dresses,0
Platinum,2.3180714,27.011595,Platinum,0
Julia,-40.276924,-9.706935,Julia,10
Sharon,-35.612236,-1.0540837,Sharon,10
protective,15.891786,-6.8889165,protective,9
ABOUT,-10.100153,39.21566,ABOUT,7
Salon,4.1462183,25.162565,Salon,0
Sierra,-7.447174,11.77077,Sierra,8
Wonderful,-25.75674,-1.7389059,Wonderful,3
Honey,-25.116058,12.4727955,Honey,3
Teachers,-0.98412114,17.835238,Teachers,8
NOTE,-13.998719,38.16381,NOTE,7
Blonde,-9.080347,0.06930749,Blonde,4
exotic,9.749866,-20.581284,exotic,5
Dreams,-21.433558,10.0657,Dreams,3
Mature,-7.321543,-0.28872144,Mature,4
Sue,-37.649815,-2.5058331,Sue,10
breasts,2.018735,-35.826164,breasts,2
closet,16.27438,-14.985035,closet,5
WOW,-20.771662,17.6361,WOW,7
heels,8.482095,-24.879484,heels,6
decor,21.744452,-20.01118,decor,6
silk,25.470285,-17.432634,silk,6
necklace,25.812277,-16.478722,necklace,6
pose,-0.35326934,-20.902567,pose,5
Wear,-12.397694,22.027533,Wear,0
Necklace,12.916575,28.28094,Necklace,0
Platform,7.55838,23.558142,Platform,8
waist,28.266018,-4.9513345,waist,6
Earrings,14.134338,27.684393,Earrings,0
intimate,4.8835826,-17.150402,intimate,5
Bachelor,11.866813,19.293211,Bachelor,8
Rebecca,-40.263683,-6.7934012,Rebecca,10
Classes,4.6354194,19.308525,Classes,8
Melissa,-42.01131,-8.360004,Melissa,10
beads,29.219307,-10.006835,beads,6
Anal,-6.364261,-1.1748071,Anal,4
vibrant,19.86548,-17.764381,vibrant,6
Milk,-4.4289393,27.48644,Milk,3
counseling,20.091362,2.64267,counseling,9
Betty,-34.143703,-3.923851,Betty,10
Carpet,6.364807,25.919657,Carpet,0
Czech,13.516997,18.133728,Czech,8
bloggers,15.91298,-9.8308935,bloggers,5
Sara,-41.286663,-10.91708,Sara,10
spouse,13.35899,-2.9893713,spouse,9
Trends,-5.2186704,20.101501,Trends,8
Teens,-8.059857,1.5859823,Teens,4
Patient,5.241038,16.756672,Patient,8
sheer,13.297969,-20.803783,sheer,6
lip,14.513053,-16.257832,lip,6
Holly,-33.572697,-8.573925,Holly,10
Vitamin,11.686023,15.550903,Vitamin,8
null,12.4179535,15.03868,null,5
vanilla,43.44545,-17.266071,vanilla,1
inexpensive,18.49392,-23.754354,inexpensive,5
kissing,0.876908,-32.204544,kissing,2
Lovely,-22.163076,1.9238697,Lovely,3
luxurious,26.185057,-13.28591,luxurious,6
Ellen,-34.619923,1.4510479,Ellen,10
Explore,-20.087648,14.602016,Explore,8
toxic,23.19394,1.0306028,toxic,9
modeling,17.263111,-5.697371,modeling,5
Naked,-12.683644,2.6019568,Naked,4
Reality,-15.308904,10.938591,Reality,8
Victorian,0.25458604,29.691029,Victorian,0
Joan,-32.29678,3.875129,Joan,10
registry,22.107437,-2.3585346,registry,5
webcam,1.6387899,-38.30366,webcam,2
Diabetes,10.259809,17.092123,Diabetes,8
swap,7.576513,-16.336565,swap,5
Nurse,1.4165285,18.851334,Nurse,8
Donna,-38.88277,-4.8602376,Donna,10
poems,18.897238,-4.7990913,poems,5
Secrets,-8.415801,15.8095455,Secrets,8
Pattern,5.484995,30.110563,Pattern,0
Lucy,-41.049713,-11.5395565,Lucy,10
Nude,-9.40076,1.6766955,Nude,4
Eating,-5.345014,27.042889,Eating,8
Smoking,1.7911367,19.453442,Smoking,8
delicate,15.5157585,-26.3723,delicate,6
ribbon,22.214512,-17.74749,ribbon,6
Amber,-23.907873,5.102281,Amber,10
Alberta,1.4145057,15.986937,Alberta,8
Romance,-6.4212375,14.772685,Romance,3
babes,-1.9605523,-33.664734,babes,2
strips,9.146329,-19.726192,strips,5
slut,-2.061764,-35.334618,slut,2
boobs,-1.450706,-32.952084,boobs,2
non-profit,17.29077,1.3912349,non-profit,9
doll,10.450985,-21.73344,doll,6
nurses,12.701094,-0.8481846,nurses,9
Annie,-43.408005,-7.7437925,Annie,10
costumes,16.963743,-17.556095,costumes,6
seniors,9.30594,-7.0796256,seniors,9
Kiss,-21.753834,8.990933,Kiss,3
Registry,10.553165,19.113058,Registry,8
Mercedes,13.126574,18.480919,Mercedes,10
Christine,-40.717,-6.913069,Christine,10
weddings,26.20306,-8.118724,weddings,5
:00,14.207612,20.172855,:00,4
Monica,-36.16204,-7.7661195,Monica,10
grandmother,0.8677702,-17.672495,grandmother,10
Stephanie,-39.98071,-6.8503065,Stephanie,10
Compact,7.4809966,24.321207,Compact,0
lace,25.529312,-17.823692,lace,6
VIP,-9.012015,17.844408,VIP,8
earrings,29.112988,-12.576154,earrings,6
Hardcore,-7.702127,0.022151424,Hardcore,4
Advertise,3.7088428,19.100475,Advertise,8
Factor,6.988498,18.701376,Factor,8
floral,27.220266,-14.605197,floral,6
disabilities,21.198793,3.9636052,disabilities,9
cosmetic,24.01581,-2.0910382,cosmetic,9
Janet,-39.77439,-7.521889,Janet,10
baked,39.661858,-20.829075,baked,1
catering,18.28604,-11.0119705,catering,5
Andrea,-32.802013,0.96295,Andrea,10
Fiber,12.3267565,22.98064,Fiber,0
HOT,-13.441981,40.89954,HOT,7
sewing,25.067755,-13.258621,sewing,6
Beverly,-28.210905,4.8939967,Beverly,10
dessert,39.63474,-20.131203,dessert,1
fabrics,28.7139,-12.19327,fabrics,6
Cottage,-0.91733515,27.800478,Cottage,3
cakes,38.84094,-20.452604,cakes,1
Cum,-5.599496,-1.5393791,Cum,4
giveaway,3.9896886,-12.532589,giveaway,5
Claire,-38.625572,-6.4780483,Claire,10
cottage,21.520405,-10.845592,cottage,5
celebrities,9.758176,-17.026577,celebrities,5
Parties,0.641763,19.89986,Parties,8
pumps,26.189972,-5.4868884,pumps,6
FIRST,-12.739504,39.044426,FIRST,7
Beth,-34.56223,2.1350129,Beth,10
balcony,24.803701,-5.7078066,balcony,5
Readers,-9.6778755,15.762096,Readers,8
crafts,19.445595,-20.379671,crafts,6
Diana,-38.106228,-5.570031,Diana,10
Jenny,-42.798927,-11.27244,Jenny,10
ceramic,28.607235,-8.840303,ceramic,6
lingerie,2.3485317,-33.761776,lingerie,2
Salad,-2.3077846,25.103245,Salad,1
accommodations,22.693087,-2.663243,accommodations,5
Clearance,8.719166,26.322464,Clearance,0
CLICK,-13.541553,40.40421,CLICK,7
ebony,-0.12815131,-39.113155,ebony,2
Pussy,-7.7511363,-0.6242605,Pussy,4
Bella,-24.245909,7.375416,Bella,3
Closed,-10.801871,16.605902,Closed,8
Changing,-18.762915,13.689787,Changing,8
cocktail,19.395908,-21.436338,cocktail,6
dildo,-0.8778005,-37.97738,dildo,2
Mint,-1.4472961,27.910696,Mint,3
Absolutely,-25.138502,-0.6849316,Absolutely,3
yarn,29.62389,-9.249688,yarn,6
Sister,-31.374535,-6.407989,Sister,10
Christina,-37.463184,-8.8317995,Christina,10
moms,2.796521,-20.93275,moms,2
nylon,28.589327,-3.7723272,nylon,6
Lesbian,-9.157582,1.1159557,Lesbian,4
Decor,6.5921783,30.044092,Decor,0
Cancel,-10.457793,16.032389,Cancel,8
delightful,-5.124864,-22.367584,delightful,5
Angela,-40.201893,-9.081806,Angela,10
Diane,-40.12869,-3.5116763,Diane,10
Dates,-7.680286,16.658627,Dates,8
Silk,-10.301497,25.488243,Silk,0
Crafts,4.774685,28.3956,Crafts,0
Jo,-34.868607,-3.3604794,Jo,10
bracelet,27.69841,-13.224811,bracelet,6
Marina,-5.7020698,11.858448,Marina,10
brunette,-1.9926708,-37.30344,brunette,2
Bridal,9.763939,28.671654,Bridal,0
erotic,0.9085795,-31.428465,erotic,2
Tits,-5.8052382,-1.5167379,Tits,4
Kathy,-39.22618,-3.033977,Kathy,10
Sally,-42.18005,-6.303258,Sally,10
Giving,-24.68278,2.003932,Giving,8
supportive,8.1233015,-6.5622854,supportive,9
Powder,0.4827504,25.259264,Powder,0
pillow,17.67961,-19.77875,pillow,6
coconut,42.6832,-17.50817,coconut,1
Autumn,-22.945963,11.022226,Autumn,3
Lifestyle,-13.360471,14.833861,Lifestyle,8
Loved,-23.606756,2.1113715,Loved,3
healthier,39.229813,-14.12672,healthier,9
Tiffany,-24.209145,6.093975,Tiffany,10
cluster,18.545864,-7.680181,cluster,5
Affordable,-5.61853,20.181513,Affordable,8
Ms,-19.620123,5.8946047,Ms,10
Lindsay,-32.339817,0.7810387,Lindsay,10
Megan,-33.86708,-6.7994494,Megan,10
Mama,-24.41247,9.028484,Mama,3
Liz,-41.58995,-5.933064,Liz,10
showers,25.688913,-4.129456,showers,5
Coordinator,3.7807846,16.854729,Coordinator,8
Mirrors,10.0921755,25.600042,Mirrors,0
mattress,25.96523,-4.1243443,mattress,5
Kitty,-23.346718,4.821869,Kitty,3
Jackie,-41.855648,-7.508479,Jackie,10
Dana,-31.322504,1.1795843,Dana,10
dairy,40.430172,-15.267756,dairy,1
princess,13.328424,-19.742294,princess,6
Judy,-38.549232,-2.7518094,Judy,10
Sharing,-15.048975,12.217758,Sharing,8
Sandra,-38.45093,-10.564512,Sandra,10
bra,5.6616015,-34.230415,bra,2
quilt,24.588451,-12.861107,quilt,6
Rack,7.7635694,25.345863,Rack,0
pale,13.389487,-18.550116,pale,6
Wendy,-43.22412,-6.1870446,Wendy,10
clicks,7.9429407,-17.302322,clicks,5
Doll,-9.812318,20.854765,Doll,3
mum,1.0010144,-18.608932,mum,5
nonprofit,17.509851,1.4502406,nonprofit,9
Egg,-24.928112,16.707829,Egg,3
Trim,11.4291315,27.636194,Trim,0
SEE,-13.661495,39.29827,SEE,7
Bee,-22.471664,11.075135,Bee,3
complications,13.982383,-0.75098926,complications,9
AMI,14.684818,-10.248538,AMI,5
Lily,-28.325653,-3.4650433,Lily,3
MAC,8.300152,21.453588,MAC,8
knit,28.620476,-10.779542,knit,6
bikini,1.5761063,-31.99343,bikini,2
Jill,-42.45134,-7.11576,Jill,10
Bracelet,12.578431,27.882442,Bracelet,0
Engagement,6.147613,22.179869,Engagement,8
purse,17.60171,-19.220541,purse,6
milf,-1.3150073,-38.911762,milf,2
Libraries,7.027283,19.566908,Libraries,8
Lace,8.002656,30.73603,Lace,0
wives,4.448066,-22.188105,wives,2
Whitney,-28.979807,5.028642,Whitney,10
Britney,-17.759413,6.295895,Britney,10
Wellness,4.3326273,17.710932,Wellness,8
virgin,4.367139,-32.02759,virgin,2
yummy,38.043324,-21.890917,yummy,1
Satin,11.323511,29.181454,Satin,0
toes,7.3431807,-20.988333,toes,2
polish,13.6980915,-22.922024,polish,6
OTHER,-10.7626,39.489124,OTHER,7
scent,24.66426,-10.150245,scent,6
Kay,-32.92285,-2.462951,Kay,10
Aurora,-26.479897,2.660414,Aurora,8
tumor,22.994396,5.9007964,tumor,9
salon,17.212885,-14.218289,salon,5
Printed,6.412259,28.709467,Printed,0
escort,4.5063186,-34.23274,escort,2
TWO,-12.303942,40.31461,TWO,7
Cindy,-42.047928,-10.831367,Cindy,10
Cookies,-2.6440933,26.222788,Cookies,3
Caroline,-39.397697,-4.712216,Caroline,10
Patricia,-34.251858,1.4433187,Patricia,10
contacting,8.147236,-10.614345,contacting,5
handmade,20.194853,-22.327364,handmade,6
roses,19.299227,-19.942688,roses,6
Basket,-12.776213,23.873304,Basket,0
panties,0.84785914,-32.963524,panties,2
stamps,21.095201,-6.3538003,stamps,5
gardening,22.278273,-6.4657555,gardening,5
Relationship,-2.1632562,17.18291,Relationship,8
Disclaimer,-4.1106086,18.12436,Disclaimer,8
Blogger,-7.508108,15.407198,Blogger,8
bridal,27.675323,-12.665986,bridal,6
depressed,11.487437,-3.3161755,depressed,9
fairy,12.82141,-22.186615,fairy,6
Tropical,0.46377116,26.189964,Tropical,3
skinny,7.0688033,-22.491478,skinny,2
checkout,6.1958957,-11.874422,checkout,5
Everyday,-20.616035,12.862765,Everyday,8
bake,40.514065,-18.000257,bake,1
Roses,-15.618762,20.18838,Roses,3
candles,24.797379,-10.794575,candles,6
Wet,-12.584824,3.9013104,Wet,4
spicy,44.051964,-17.593811,spicy,1
Belle,-23.962421,5.414697,Belle,3
Shared,-12.2297125,14.56132,Shared,8
decorating,18.990658,-21.881584,decorating,6
vegetarian,40.225605,-16.73855,vegetarian,1
Erin,-37.953007,-4.843443,Erin,10
styling,22.682825,-16.822033,styling,6
Across,-17.907215,13.540783,Across,8
Wrap,-13.547322,23.200895,Wrap,0
decorations,20.57239,-20.378702,decorations,6
Louise,-34.09678,0.4904755,Louise,10
chicks,0.10992793,-29.176086,chicks,2
Winners,-9.2216835,16.463326,Winners,8
handbags,29.646826,-10.375883,handbags,6
Gorgeous,-21.658012,3.6684234,Gorgeous,3
spice,37.627502,-20.983992,spice,1
Vampire,-5.544289,13.636723,Vampire,3
blowjob,-1.5271065,-38.275414,blowjob,2
Awareness,-3.4455173,18.816217,Awareness,8
cheating,4.719321,-21.955208,cheating,2
Runtime,14.719088,19.644203,Runtime,8
pumpkin,39.16329,-20.54016,pumpkin,1
Coral,-13.802043,20.253624,Coral,0
emotionally,13.401635,-2.0671186,emotionally,9
Jeans,5.418299,26.618395,Jeans,0
invites,-6.8088274,-19.113167,invites,5
Novel,5.266596,20.858751,Novel,8
Benefit,-11.169292,15.246093,Benefit,8
coordinate,17.719746,-8.405578,coordinate,5
Butterfly,-16.303598,21.492207,Butterfly,0
Nail,3.9382324,28.1714,Nail,0
Compliance,7.9159493,19.178001,Compliance,8
Pregnancy,6.433842,17.390005,Pregnancy,8
Floral,6.291471,31.153883,Floral,0
STAR,-9.907866,40.307137,STAR,7
Molly,-37.641827,-6.821047,Molly,10
Mommy,-16.54283,6.447757,Mommy,3
Ribbon,-9.200858,24.28465,Ribbon,0
Penny,-29.511938,-2.044398,Penny,10
Carrie,-40.08686,-5.6284833,Carrie,10
Babe,-11.7467985,1.8490627,Babe,4
markers,23.420427,-2.016574,markers,9
Willow,-24.558538,8.205507,Willow,3
ms,23.520788,-3.7898579,ms,5
MSN,5.8480086,14.856333,MSN,8
Tina,-41.120464,-10.169618,Tina,10
cozy,20.158743,-16.782862,cozy,5
wardrobe,15.812306,-22.069235,wardrobe,6
Maya,-6.713964,11.285887,Maya,10
Paula,-41.992382,-3.1940002,Paula,10
Choosing,-19.11933,14.414523,Choosing,8
Clothes,-10.75937,21.77573,Clothes,0
pearl,21.185953,-18.811512,pearl,6
teaspoon,23.663912,8.236764,teaspoon,1
Katrina,-6.040375,10.194279,Katrina,10
arthritis,22.577808,4.8819385,arthritis,9
fragrance,29.52299,-8.40924,fragrance,6
Bride,-17.205582,19.162527,Bride,3
Natalie,-38.923664,-8.894384,Natalie,10
Consumers,-3.5052998,17.956644,Consumers,8
Ceramic,10.870591,27.629414,Ceramic,0
Shape,-13.834682,22.67047,Shape,0
TODAY,-12.044988,39.420532,TODAY,7
latex,28.627068,-3.0392811,latex,2
naughty,-0.31755084,-27.261463,naughty,2
therapist,13.054362,-2.9404194,therapist,9
tit,-0.46745953,-38.4408,tit,2
hips,27.718296,-2.3541846,hips,2
wellness,15.107515,-1.7803591,wellness,9
bookmark,7.9975057,-15.278383,bookmark,5
Ingredients,-2.826579,25.355114,Ingredients,1
chic,14.828084,-24.471498,chic,6
Weddings,5.543944,24.517282,Weddings,8
Eva,-34.65472,-9.941643,Eva,10
poses,0.111714594,-21.236221,poses,5
Carnival,-14.722941,17.644884,Carnival,3
knitting,26.204794,-9.994326,knitting,6
Madonna,-6.6526794,10.566726,Madonna,10
parenting,12.315314,-3.2461839,parenting,9
XXX,-10.261385,2.1454089,XXX,4
survivors,13.797218,-2.2421842,survivors,9
orgasm,0.94281214,-35.9278,orgasm,2
vampire,18.51424,-4.048798,vampire,5
dancers,18.556734,-4.397572,dancers,5
Reception,2.8917973,24.487995,Reception,8
Makeup,5.2377205,25.77601,Makeup,0
Married,-9.39033,8.163464,Married,10
Debbie,-42.747143,-6.383891,Debbie,10
membrane,23.24799,6.5454025,membrane,9
Passion,-21.71893,10.71782,Passion,3
Horny,-8.28779,-0.91288066,Horny,4
Sisters,-23.082376,8.495204,Sisters,3
fashionable,13.007845,-25.399471,fashionable,6
metallic,27.179062,-12.888546,metallic,6
jewellery,28.31431,-11.899485,jewellery,6
Swim,3.300015,25.993002,Swim,0
Naturally,-22.011614,12.788131,Naturally,3
SAVE,-8.709894,39.997173,SAVE,7
Clare,-29.127468,6.354271,Clare,10
Giveaway,-7.2024117,18.699524,Giveaway,3
Rosa,-27.74574,5.1050262,Rosa,10
Split,-13.57695,17.37903,Split,8
vegan,40.834156,-16.592072,vegan,1
Maggie,-43.244865,-6.8574495,Maggie,10
Sleeping,-5.5244546,14.312934,Sleeping,3
Metallic,11.14158,28.37107,Metallic,0
Norwegian,13.2683115,16.440054,Norwegian,5
PLUS,-11.29864,40.527546,PLUS,7
Mai,1.0604639,12.8322525,Mai,3
vacations,22.137417,-5.3345947,vacations,5
creamy,44.05714,-18.01018,creamy,1
sleek,23.243721,-17.20629,sleek,6
hentai,0.9260543,-38.815624,hentai,2
Allison,-35.269676,-1.9581081,Allison,10
Fairy,-15.937312,19.932854,Fairy,3
Abbey,-6.2012854,11.729861,Abbey,10
boutique,20.261543,-15.877984,boutique,6
DD,2.524491,-13.189874,DD,5
gown,25.362602,-16.125189,gown,6
adore,9.819026,-24.754353,adore,6
Nylon,12.530545,24.85043,Nylon,0
juicy,4.4009805,-31.72537,juicy,2
obsessed,-1.2986966,-20.480612,obsessed,5
Totally,-23.934902,2.9485474,Totally,3
Languages,5.837849,19.723223,Languages,8
Laundry,6.3802724,25.287455,Laundry,0
Jen,-36.647076,-5.202371,Jen,10
shemale,-0.64979637,-38.95011,shemale,2
curves,14.706259,-16.050655,curves,6
allergic,22.805603,1.7630395,allergic,9
Cure,-6.3212113,17.006208,Cure,8
exquisite,12.614354,-26.132528,exquisite,6
Kristen,-29.82834,5.2254825,Kristen,10
Spears,-18.296505,6.2443886,Spears,10
Facial,14.2997265,21.006075,Facial,4
Boutique,3.4926097,28.875334,Boutique,0
Sunny,-22.876034,8.914869,Sunny,3
Romantic,1.7595348,26.899828,Romantic,3
Marilyn,-33.261036,-1.8711036,Marilyn,10
Inspired,-26.081295,-3.1969707,Inspired,0
Fancy,-22.73861,14.17494,Fancy,0
cinnamon,43.12943,-16.850563,cinnamon,1
Templates,9.078938,22.772486,Templates,8
butterfly,14.500607,-22.65021,butterfly,6
bio,3.5931766,-16.404398,bio,5
Beads,14.404834,26.954458,Beads,0
addicted,1.8370899,-20.041506,addicted,9
Charm,-11.125141,24.039719,Charm,0
Venus,-7.5483007,10.871594,Venus,3
donor,14.84547,-1.2370957,donor,9
cunt,-0.4811567,-35.96813,cunt,2
Clara,-28.570023,5.3680315,Clara,10
elegance,23.46731,-16.662151,elegance,6
outfits,10.731793,-25.539137,outfits,6
Tops,-10.944581,22.962511,Tops,0
Shoulder,11.450506,26.784563,Shoulder,0
Bake,-2.559045,25.592506,Bake,1
allergies,22.61825,2.3270957,allergies,9
coordinates,21.477993,-3.2778895,coordinates,5
sweater,24.377428,-18.308182,sweater,6
Katherine,-39.799732,-2.833457,Katherine,10
stressful,14.36638,-2.1656892,stressful,9
yogurt,43.123013,-15.894853,yogurt,1
tsp,23.6637,8.259544,tsp,1
Savannah,-26.696339,1.4517093,Savannah,10
feminine,15.946605,-18.895575,feminine,6
inspirational,7.0277524,-13.674892,inspirational,5
Cookie,-24.8549,17.088139,Cookie,3
flats,26.462015,-8.8972225,flats,6
Katy,-27.580566,6.131704,Katy,10
Moms,-9.192075,5.208552,Moms,4
themed,17.426222,-22.136406,themed,5
Ana,-27.354599,6.65193,Ana,10
dolls,12.872459,-19.773579,dolls,6
Daisy,-27.839886,-3.0777984,Daisy,3
Rihanna,0.8807885,12.675439,Rihanna,10
Busty,-7.106793,-1.3398218,Busty,4
licking,-1.0040793,-33.25235,licking,2
Soap,0.75556916,25.318933,Soap,3
Courtney,-34.108932,-6.641817,Courtney,10
SPECIAL,-11.273445,39.644367,SPECIAL,7
literacy,15.5268,-0.73564774,literacy,9
Acne,15.734907,23.113024,Acne,8
invitations,19.33187,-15.979745,invitations,5
messy,7.402128,-20.33092,messy,5
pendant,29.913982,-10.504057,pendant,6
Shirley,-36.38654,-2.4150107,Shirley,10
Loving,-23.711304,2.5644543,Loving,3
Met,-20.921642,7.627986,Met,3
Deborah,-34.405533,2.9130628,Deborah,10
Spotlight,-19.434765,12.887668,Spotlight,8
Bollywood,14.140803,18.987375,Bollywood,3
crystals,28.933865,-8.868687,crystals,6
Brooke,-34.935776,-10.662815,Brooke,10
dancer,10.776363,-17.452845,dancer,5
Counseling,9.061863,17.74977,Counseling,8
Nina,-33.92962,-8.676096,Nina,10
Gaga,-6.6160016,10.921763,Gaga,10
perfume,25.45647,-10.606157,perfume,6
Barbie,-23.158632,7.153793,Barbie,3
Pillow,5.837522,28.440609,Pillow,0
Launches,-0.89531046,20.687864,Launches,8
satin,26.120033,-17.519077,satin,6
busty,-1.7755877,-36.84328,busty,2
hers,-4.371392,-19.999763,hers,5
Destination,-10.002856,17.363451,Destination,8
nipples,1.062077,-36.88894,nipples,2
Treat,-21.77604,12.507067,Treat,3
Mesh,7.0906987,28.745918,Mesh,0
aunt,0.48318288,-18.336134,aunt,10
hormones,22.902794,5.3877263,hormones,9
Bonnie,-37.333916,-2.9702897,Bonnie,10
CONTACT,-8.368295,39.400887,CONTACT,7
NEXT,-12.968788,39.218227,NEXT,7
Olivia,-39.945618,-11.675027,Olivia,10
Dorothy,-32.49417,2.524145,Dorothy,10
Vanessa,-35.66792,-10.878873,Vanessa,10
Ivy,-23.909678,7.671474,Ivy,3
whore,-0.2563165,-32.370617,whore,2
allergy,22.858624,1.7380425,allergy,9
Patterns,2.1958802,28.494366,Patterns,0
lick,0.25745332,-28.94161,lick,2
Decorative,7.3910503,29.64857,Decorative,0
Tara,-36.5513,-6.9950743,Tara,10
flashing,4.9018035,-33.932083,flashing,2
Ballet,4.980425,24.550714,Ballet,3
Relationships,-2.0357866,17.239426,Relationships,8
coats,21.278866,-17.9446,coats,6
Samantha,-38.430347,-11.727735,Samantha,10
stitch,26.604063,-11.751973,stitch,6
Biggest,-14.54057,11.06468,Biggest,8
crust,43.740223,-16.193987,crust,1
Actress,13.200926,19.925009,Actress,10
sexuality,12.044338,-5.605212,sexuality,9
footwear,27.61693,-9.8907795,footwear,6
Shades,-9.297235,23.576212,Shades,0
ensemble,19.695818,-14.889486,ensemble,6
widget,20.737896,-4.9689484,widget,5
stockings,1.5921392,-33.028366,stockings,2
Adelaide,-8.436346,11.811937,Adelaide,8
Inspiration,-18.591452,13.20874,Inspiration,8
posing,0.40387574,-25.58266,posing,2
Swan,-27.09566,-2.0862074,Swan,3
Cheryl,-40.472237,-4.235354,Cheryl,10
litter,17.220366,-11.600539,litter,5
Mae,0.4670689,12.1684675,Mae,10
distress,11.979281,-2.9364421,distress,9
Addiction,-0.40277,17.651466,Addiction,8
trendy,15.532281,-24.145323,trendy,6
Ebony,-9.131166,1.9559994,Ebony,4
Trend,-7.686019,21.42569,Trend,8
Voices,-9.460556,15.0494995,Voices,8
xx,2.34719,-12.720608,xx,3
platinum,24.861866,-7.7389913,platinum,6
peek,-6.368176,-19.624594,peek,5
sandy,25.703156,-4.9037232,sandy,5
photostream,2.903571,-12.160604,photostream,5
Smile,-20.454792,10.171706,Smile,3
Vanity,4.097672,25.97275,Vanity,0
Kathleen,-35.455666,2.075593,Kathleen,10
triangle,13.849796,-21.823908,triangle,6
Pam,-42.284058,-3.4007638,Pam,10
Shares,5.7469783,20.096796,Shares,8
Vuitton,14.799957,17.452406,Vuitton,6
Designers,2.344637,28.263348,Designers,8
Buffy,0.2673125,11.83364,Buffy,10
Ginger,-25.414494,12.7357235,Ginger,3
Spice,-24.77529,12.753921,Spice,3
Emerald,-14.805128,19.973425,Emerald,0
penetration,4.0252447,-34.22187,penetration,2
Candle,5.1665382,28.825464,Candle,0
supermarket,19.532497,-11.573638,supermarket,5
prom,14.999828,-21.21324,prom,6
Yay,-25.898092,0.2662197,Yay,3
royalty,16.8903,-13.697564,royalty,5
scans,17.494513,-5.2038293,scans,5
Fucked,-6.4389477,-0.80360645,Fucked,4
Witch,-15.714679,18.410423,Witch,3
veggies,42.316113,-17.024298,veggies,1
lesbians,-1.0468864,-31.711092,lesbians,2
paired,-5.272427,-22.283974,paired,6
ER,5.891305,14.396348,ER,9
Heated,15.444457,23.593243,Heated,0
Tight,-10.245212,3.1259956,Tight,4
goodies,-5.1612935,-23.043015,goodies,5
Nikki,-34.324974,-10.764599,Nikki,10
Angie,-36.30224,-7.798514,Angie,10
witch,5.162191,-17.88127,witch,5
Diamonds,-10.542238,23.348574,Diamonds,0
Scenes,-16.939827,10.278233,Scenes,3
gal,6.710484,-21.359863,gal,2
Layer,0.85146886,24.774876,Layer,0
Delicious,-25.482601,15.484862,Delicious,3
coral,26.177052,-9.691389,coral,6
chatting,5.7513127,-17.533407,chatting,5
Sophie,-34.590134,-8.890519,Sophie,10
Denise,-41.215176,-9.16345,Denise,10
Tote,10.131555,28.055891,Tote,0
obsession,-1.6512659,-20.623058,obsession,5
boob,0.48791856,-38.098545,boob,2
OPEN,-9.689726,39.872368,OPEN,7
